,working emails
j,LashawnaSmart951@aol.com
1,AssuntaTompkins40@aol.com
2,ArdellWentz574@aol.com
3,NadiaToler594@aol.com
4,CherriCaruso52@aol.com
5,JaneanCastaneda33@aol.com
6,MilissaFrierson742@aol.com
7,MegClanton978@aol.com
8,GiseleNeumann129@aol.com
9,KaceyFurr306@aol.com
10,NidiaBullock304@aol.com
11,ErrolMalloy938@aol.com
12,ZelmaAugustine538@aol.com
13,LindsayLinville283@aol.com
14,ReaganAndrew458@aol.com
15,LyndsayBoisvert763@aol.com
16,HarriettFranco766@aol.com
17,SalinaYoo667@aol.com
18,CarsonMosby649@aol.com
19,GemmaBunnell741@aol.com
20,TrenaHidalgo943@aol.com
21,PatrinaSparkman758@aol.com
22,EliseoBrownlee686@aol.com
23,KirstenSchroeder706@aol.com
24,ZinaForte830@aol.com
25,JeremyHudgins316@aol.com
26,TamikoHolloman717@aol.com
27,NevaHammett802@aol.com
28,SudieMosley185@aol.com
29,EmeraldHartmann96@aol.com
30,ReannaStaton402@aol.com
31,CarmelProffitt994@aol.com
32,TomikaCowley78@aol.com
33,LesleyBlackman497@aol.com
34,DeberaCrews252@aol.com
